Workbook

Sheet User Registration
A1: DealerNET User Registration - Required (*) Fields
A2: Yellow cells = enter manually / Green cells = auto formula (do not edit)
A4: Login ID | B4: Last Name | C4: First Name | D4: Full Name | E4: Preferred Name | F4: Country | G4: Mobile (entry) | H4: Mobile (upload) | I4: Email | J4: Use English (Y/N) | K4: Primary Business Function | L4: Preferred Language | M4: Time Zone | N4: Member of Dealer
A5: =IF($I5="","",$I5) | B5: =IF($D5="","",IF(ISERROR(FIND(" ",$D5)),"",TRIM(RIGHT(SUBSTITUTE(TRIM($D5)," ",REPT(" ",100)),100)))) | C5: =IF($D5="","",TRIM(LEFT(TRIM($D5),FIND(" ",TRIM($D5)&" ")-1))) | E5: =IF($D5="","",$D5) | H5: =IF($G5="","",SUBSTITUTE(SUBSTITUTE(SUBSTITUTE(SUBSTITUTE(SUBSTITUTE(SUBSTITUTE(SUBSTITUTE(TRIM($G5),"+",""),"-","")," ",""),"(",""),")",""),".",""),"/","")) | L5: =IF($F5="","",IFERROR(INDEX(Lists!$B$2:$B$200,MATCH($F5,Lists!$A$2:$A$200,0)),"Add to Lists"))
A6: =IF($I6="","",$I6) | B6: =IF($D6="","",IF(ISERROR(FIND(" ",$D6)),"",TRIM(RIGHT(SUBSTITUTE(TRIM($D6)," ",REPT(" ",100)),100)))) | C6: =IF($D6="","",TRIM(LEFT(TRIM($D6),FIND(" ",TRIM($D6)&" ")-1))) | E6: =IF($D6="","",$D6) | H6: =IF($G6="","",SUBSTITUTE(SUBSTITUTE(SUBSTITUTE(SUBSTITUTE(SUBSTITUTE(SUBSTITUTE(SUBSTITUTE(TRIM($G6),"+",""),"-","")," ",""),"(",""),")",""),".",""),"/","")) | L6: =IF($F6="","",IFERROR(INDEX(Lists!$B$2:$B$200,MATCH($F6,Lists!$A$2:$A$200,0)),"Add to Lists"))
A7: =IF($I7="","",$I7) | B7: =IF($D7="","",IF(ISERROR(FIND(" ",$D7)),"",TRIM(RIGHT(SUBSTITUTE(TRIM($D7)," ",REPT(" ",100)),100)))) | C7: =IF($D7="","",TRIM(LEFT(TRIM($D7),FIND(" ",TRIM($D7)&" ")-1))) | E7: =IF($D7="","",$D7) | H7: =IF($G7="","",SUBSTITUTE(SUBSTITUTE(SUBSTITUTE(SUBSTITUTE(SUBSTITUTE(SUBSTITUTE(SUBSTITUTE(TRIM($G7),"+",""),"-","")," ",""),"(",""),")",""),".",""),"/","")) | L7: =IF($F7="","",IFERROR(INDEX(Lists!$B$2:$B$200,MATCH($F7,Lists!$A$2:$A$200,0)),"Add to Lists"))
A8: =IF($I8="","",$I8) | B8: =IF($D8="","",IF(ISERROR(FIND(" ",$D8)),"",TRIM(RIGHT(SUBSTITUTE(TRIM($D8)," ",REPT(" ",100)),100)))) | C8: =IF($D8="","",TRIM(LEFT(TRIM($D8),FIND(" ",TRIM($D8)&" ")-1))) | E8: =IF($D8="","",$D8) | H8: =IF($G8="","",SUBSTITUTE(SUBSTITUTE(SUBSTITUTE(SUBSTITUTE(SUBSTITUTE(SUBSTITUTE(SUBSTITUTE(TRIM($G8),"+",""),"-","")," ",""),"(",""),")",""),".",""),"/","")) | L8: =IF($F8="","",IFERROR(INDEX(Lists!$B$2:$B$200,MATCH($F8,Lists!$A$2:$A$200,0)),"Add to Lists"))
A9: =IF($I9="","",$I9) | B9: =IF($D9="","",IF(ISERROR(FIND(" ",$D9)),"",TRIM(RIGHT(SUBSTITUTE(TRIM($D9)," ",REPT(" ",100)),100)))) | C9: =IF($D9="","",TRIM(LEFT(TRIM($D9),FIND(" ",TRIM($D9)&" ")-1))) | E9: =IF($D9="","",$D9) | H9: =IF($G9="","",SUBSTITUTE(SUBSTITUTE(SUBSTITUTE(SUBSTITUTE(SUBSTITUTE(SUBSTITUTE(SUBSTITUTE(TRIM($G9),"+",""),"-","")," ",""),"(",""),")",""),".",""),"/","")) | L9: =IF($F9="","",IFERROR(INDEX(Lists!$B$2:$B$200,MATCH($F9,Lists!$A$2:$A$200,0)),"Add to Lists"))
A10: =IF($I10="","",$I10) | B10: =IF($D10="","",IF(ISERROR(FIND(" ",$D10)),"",TRIM(RIGHT(SUBSTITUTE(TRIM($D10)," ",REPT(" ",100)),100)))) | C10: =IF($D10="","",TRIM(LEFT(TRIM($D10),FIND(" ",TRIM($D10)&" ")-1))) | E10: =IF($D10="","",$D10) | H10: =IF($G10="","",SUBSTITUTE(SUBSTITUTE(SUBSTITUTE(SUBSTITUTE(SUBSTITUTE(SUBSTITUTE(SUBSTITUTE(TRIM($G10),"+",""),"-","")," ",""),"(",""),")",""),".",""),"/","")) | L10: =IF($F10="","",IFERROR(INDEX(Lists!$B$2:$B$200,MATCH($F10,Lists!$A$2:$A$200,0)),"Add to Lists"))
A11: =IF($I11="","",$I11) | B11: =IF($D11="","",IF(ISERROR(FIND(" ",$D11)),"",TRIM(RIGHT(SUBSTITUTE(TRIM($D11)," ",REPT(" ",100)),100)))) | C11: =IF($D11="","",TRIM(LEFT(TRIM($D11),FIND(" ",TRIM($D11)&" ")-1))) | E11: =IF($D11="","",$D11) | H11: =IF($G11="","",SUBSTITUTE(SUBSTITUTE(SUBSTITUTE(SUBSTITUTE(SUBSTITUTE(SUBSTITUTE(SUBSTITUTE(TRIM($G11),"+",""),"-","")," ",""),"(",""),")",""),".",""),"/","")) | L11: =IF($F11="","",IFERROR(INDEX(Lists!$B$2:$B$200,MATCH($F11,Lists!$A$2:$A$200,0)),"Add to Lists"))
A12: =IF($I12="","",$I12) | B12: =IF($D12="","",IF(ISERROR(FIND(" ",$D12)),"",TRIM(RIGHT(SUBSTITUTE(TRIM($D12)," ",REPT(" ",100)),100)))) | C12: =IF($D12="","",TRIM(LEFT(TRIM($D12),FIND(" ",TRIM($D12)&" ")-1))) | E12: =IF($D12="","",$D12) | H12: =IF($G12="","",SUBSTITUTE(SUBSTITUTE(SUBSTITUTE(SUBSTITUTE(SUBSTITUTE(SUBSTITUTE(SUBSTITUTE(TRIM($G12),"+",""),"-","")," ",""),"(",""),")",""),".",""),"/","")) | L12: =IF($F12="","",IFERROR(INDEX(Lists!$B$2:$B$200,MATCH($F12,Lists!$A$2:$A$200,0)),"Add to Lists"))
A13: =IF($I13="","",$I13) | B13: =IF($D13="","",IF(ISERROR(FIND(" ",$D13)),"",TRIM(RIGHT(SUBSTITUTE(TRIM($D13)," ",REPT(" ",100)),100)))) | C13: =IF($D13="","",TRIM(LEFT(TRIM($D13),FIND(" ",TRIM($D13)&" ")-1))) | E13: =IF($D13="","",$D13) | H13: =IF($G13="","",SUBSTITUTE(SUBSTITUTE(SUBSTITUTE(SUBSTITUTE(SUBSTITUTE(SUBSTITUTE(SUBSTITUTE(TRIM($G13),"+",""),"-","")," ",""),"(",""),")",""),".",""),"/","")) | L13: =IF($F13="","",IFERROR(INDEX(Lists!$B$2:$B$200,MATCH($F13,Lists!$A$2:$A$200,0)),"Add to Lists"))
A14: =IF($I14="","",$I14) | B14: =IF($D14="","",IF(ISERROR(FIND(" ",$D14)),"",TRIM(RIGHT(SUBSTITUTE(TRIM($D14)," ",REPT(" ",100)),100)))) | C14: =IF($D14="","",TRIM(LEFT(TRIM($D14),FIND(" ",TRIM($D14)&" ")-1))) | E14: =IF($D14="","",$D14) | H14: =IF($G14="","",SUBSTITUTE(SUBSTITUTE(SUBSTITUTE(SUBSTITUTE(SUBSTITUTE(SUBSTITUTE(SUBSTITUTE(TRIM($G14),"+",""),"-","")," ",""),"(",""),")",""),".",""),"/","")) | L14: =IF($F14="","",IFERROR(INDEX(Lists!$B$2:$B$200,MATCH($F14,Lists!$A$2:$A$200,0)),"Add to Lists"))
A15: =IF($I15="","",$I15) | B15: =IF($D15="","",IF(ISERROR(FIND(" ",$D15)),"",TRIM(RIGHT(SUBSTITUTE(TRIM($D15)," ",REPT(" ",100)),100)))) | C15: =IF($D15="","",TRIM(LEFT(TRIM($D15),FIND(" ",TRIM($D15)&" ")-1))) | E15: =IF($D15="","",$D15) | H15: =IF($G15="","",SUBSTITUTE(SUBSTITUTE(SUBSTITUTE(SUBSTITUTE(SUBSTITUTE(SUBSTITUTE(SUBSTITUTE(TRIM($G15),"+",""),"-","")," ",""),"(",""),")",""),".",""),"/","")) | L15: =IF($F15="","",IFERROR(INDEX(Lists!$B$2:$B$200,MATCH($F15,Lists!$A$2:$A$200,0)),"Add to Lists"))
A16: =IF($I16="","",$I16) | B16: =IF($D16="","",IF(ISERROR(FIND(" ",$D16)),"",TRIM(RIGHT(SUBSTITUTE(TRIM($D16)," ",REPT(" ",100)),100)))) | C16: =IF($D16="","",TRIM(LEFT(TRIM($D16),FIND(" ",TRIM($D16)&" ")-1))) | E16: =IF($D16="","",$D16) | H16: =IF($G16="","",SUBSTITUTE(SUBSTITUTE(SUBSTITUTE(SUBSTITUTE(SUBSTITUTE(SUBSTITUTE(SUBSTITUTE(TRIM($G16),"+",""),"-","")," ",""),"(",""),")",""),".",""),"/","")) | L16: =IF($F16="","",IFERROR(INDEX(Lists!$B$2:$B$200,MATCH($F16,Lists!$A$2:$A$200,0)),"Add to Lists"))
... A104: =IF($I104="","",$I104) | B104: =IF($D104="","",IF(ISERROR(FIND(" ",$D104)),"",TRIM(RIGHT(SUBSTITUTE(TRIM($D104)," ",REPT(" ",100)),100)))) | C104: =IF($D104="","",TRIM(LEFT(TRIM($D104),FIND(" ",TRIM($D104)&" ")-1))) | E104: =IF($D104="","",$D104) | H104: =IF($G104="","",SUBSTITUTE(SUBSTITUTE(SUBSTITUTE(SUBSTITUTE(SUBSTITUTE(SUBSTITUTE(SUBSTITUTE(TRIM($G104),"+",""),"-","")," ",""),"(",""),")",""),".",""),"/","")) | L104: =IF($F104="","",IFERROR(INDEX(Lists!$B$2:$B$200,MATCH($F104,Lists!$A$2:$A$200,0)),"Add to Lists"))
A106: [Auto-fill rules]
A107: Login ID = Email (copied automatically)
A108: Preferred Name = Full Name
A109: First Name = first word of Full Name / Last Name = last word of Full Name
A110: -> For compound surnames (e.g. Garcia Lopez), correct Last Name manually
A111: Preferred Language = looked up from Country in the Lists sheet ('Add to Lists' if not found)
A112: Mobile (upload) = Mobile (entry) with + , spaces, hyphens, brackets, dots and slashes removed
A113: -> Enter as +61 010 1234 5678; the upload column returns 61010 12345678 without separators
A114: Country / Use English / Primary Business Function / Time Zone = dropdown selection
A116: Source: user-uploaded DealerNET user registration screen capture and the Primary Business Function list provided by the user

Sheet Sheet

Sheet Lists
A1: Country | B1: Preferred Language | D1: Primary Business Function | F1: Time Zone
A2: Argentina | B2: Spanish | D2: Activities Assistant | F2: Afghanistan
A3: Australia | B3: English | D3: Administrator | F3: Alaska (Anchorage)
A4: Bolivia | B4: Spanish | D4: Back office | F4: Alaska (Aleutian)
A5: Brazil | B5: Portuguese | D5: Back office Manager | F5: Argentina
A6: Canada | B6: English | D6: Branch Manager | F6: Atlantic Time (Halifax)
A7: Chile | B7: Spanish | D7: Develon Road Service Technician | F7: Australia Capital Territories
A8: China | B8: Chinese | D8: Develon Service Technician | F8: Australia Lord Howe Island
A9: Colombia | B9: Spanish | D9: Finance/accounting | F9: Australia New South Wales
A10: Costa Rica | B10: Spanish | D10: Finance/accounting Manager | F10: Australia Northern Territories
A11: Dominican Republic | B11: Spanish | D11: Inventory Contact | F11: Australia Queensland
A12: Ecuador | B12: Spanish | D12: Lender Admin | F12: Australia South Australia
... A47: United States | B47: English | D47: Warranty Manager | F47: Japan
A48: Uruguay | B48: Spanish | F48: Jordan
A49: Venezuela | B49: Spanish | F49: Lebanon
A50: Vietnam | B50: Vietnamese | F50: Mauritius
F51: Moldova
F52: Morocco
F53: Mountain Time (Denver)
F54: Mountain Time North America
F55: Mountain Time (Phoenix)
F56: Namibia
F57: Nepal
F58: Newfoundland
F59: New Zealand Chatham Islands
F60: New Zealand
F61: Paraguay
F62: St. Pierre and Miquelon
... F71: Western Europe
A74: Country-Language mapping is based on each country's official language.
A75: Verify the language wording matches the values selectable in DealerNET before use.
A76: To add a country, keep filling columns A and B (rows up to 200 are recognized).
A77: Primary Business Function list is exactly the 46 items provided by the user (numbering removed).
A78: Time Zone list contains the values provided by the user; add more in column F if needed.

Sheet Field Guide
A1: No | B1: Field | C1: Type | D1: Note
A2: 1 | B2: Login ID | C2: Auto | D2: Auto-filled from Email. Run ID Check on the screen for duplicates
A3: 2 | B3: Last Name | C3: Auto
A4: 3 | B4: First Name | C4: Auto
A5: 4 | B5: Full Name | C5: Input
A6: 5 | B6: Preferred Name | C6: Auto
A7: 6 | B7: Country | C7: Input
A8: 7 | B8: Mobile (entry) | C8: Input | D8: Free format, e.g. +61 010 1234 5678
A9: 8 | B9: Mobile (upload) | C9: Auto | D9: Auto: digits only, no + or spaces. Screen accepts numbers only
A10: 9 | B10: Email | C10: Input | D10: User confirmation letter is sent to this address when the account is created
A11: 10 | B11: Use English (Y/N) | C11: Input | D11: Screen default is YES
A12: 11 | B12: Primary Business Function | C12: Input
A13: 12 | B13: Preferred Language | C13: Auto
A14: 13 | B14: Time Zone | C14: Input | D14: Dropdown, list in the Lists sheet column F
A15: 14 | B15: Member of Dealer | C15: Input | D15: Search and select the dealer
A17: [Excluded] Fields without a red asterisk on the screen
B18: Status
B19: Middle Name
B20: Title
B21: Career
B22: State
B23: Telephone
B24: Fax
B25: Secondary Business Function
B26: Admin Status
B27: Administrator of Dealer
